House,Politician,Name,Seat,Name,Party,Total,Travel Allowance,Overseas Travel,Domestic Travel,Charter Travel,Car Costs ,Office Facilities ,Office Fit Outs,Office Admin costs,Office Telecommunications,Family Travel,Airline Loyalty points usage,Electorate Area SqKm,State
MP,Andrew	Leigh ,Andrew	Leigh MP,(Fraser),Andrew	Leigh MP(Fraser),ALP,799585.39,12359.00,12594.06,28804.92,0.00,6867.91,298093.67,6743.53,411358.28,21086.70,1677.32,0.00,513,ACT
MP,Annette	Ellis ,Annette	Ellis MP,(Canberra),Annette	Ellis MP(Canberra),ALP,24830.56,1184.00,0.00,-1282.62,0.00,1747.30,1516.30,0.00,21665.58,0.00,0.00,0.00,1921,ACT
MP ,Bob	McMullan ,Bob	McMullan MP ,(Fraser),Bob	McMullan MP (Fraser),ALP,66019.54,1231.00,33353.39,2245.79,0.00,5370.78,294.76,0.00,23523.82,0.00,0.00,0.00,513,ACT
MP,Gai	Brodtmann ,Gai	Brodtmann MP,(Canberra),Gai	Brodtmann MP(Canberra),ALP,850114.16,10691.00,13669.71,15239.69,0.00,30050.71,393078.13,5476.36,351970.08,29938.48,0.00,0.00,1921,ACT
Senator,Gary	Humphries ,Gary	Humphries Senator,(ACT),Gary	Humphries Senator(ACT),Liberal,1052521.23,27792.00,38238.88,81691.62,0.00,77946.79,557116.80,22097.12,207185.65,30494.86,9957.51,0.00,,ACT
Senator,Kate	Lundy ,Kate	Lundy Senator,(ACT),Kate	Lundy Senator(ACT),ALP,1155385.09,64224.00,193482.13,230071.90,0.00,139298.36,286483.44,501.00,227306.77,12406.01,1611.48,0.00,,ACT
MP,Alby	Schultz ,Alby	Schultz MP,(Hume),Alby	Schultz MP(Hume),Liberal,1361352.34,41664.00,23604.02,8374.66,0.00,85090.47,394527.80,253448.94,512198.33,42231.88,212.24,0.00,33637,NSW
MP,Alex	Hawke ,Alex	Hawke MP,(Mitchell),Alex	Hawke MP(Mitchell),Liberal,934446.18,59273.00,0.00,17851.80,0.00,65938.13,329032.25,662.25,405725.91,55558.39,404.45,0.00,101,NSW
MP,Anthony	Albanese ,Anthony	Albanese MP,(Grayndler),Anthony	Albanese MP(Grayndler),ALP,2255575.99,92317.00,411287.94,154019.38,6416.36,182098.36,667628.33,188449.20,502840.48,10814.63,39704.31,0.00,32,NSW
Senator,Arthur	Sinodinos ,Arthur	Sinodinos Senator,(NSW),Arthur	Sinodinos Senator(NSW),Liberal,534529.76,37205.00,0.00,48031.24,0.00,13713.27,321102.90,11449.75,81112.47,21751.06,164.07,0.00,,NSW
MP,Belinda	Neal ,Belinda	Neal MP,(Robertson),Belinda	Neal MP(Robertson),ALP,50164.11,1150.00,0.00,2972.52,0.00,3174.18,1799.19,0.00,38152.09,0.00,2916.13,0.00,978,NSW
Senator,Bill	Heffernan ,Bill	Heffernan Senator,(NSW),Bill	Heffernan Senator(NSW),Liberal,871766.75,101858.00,0.00,78653.49,0.00,105246.86,360458.69,0.00,161604.17,45286.88,18658.66,0.00,,NSW
MP,Bob	Baldwin ,Bob	Baldwin MP,(Paterson),Bob	Baldwin MP(Paterson),Liberal,1295709.09,97749.00,27352.40,112734.94,0.00,169760.93,365202.12,488.00,456897.44,41109.42,24414.84,0.00,6652,NSW
Senator,Bob	Carr ,Bob	Carr Senator,(NSW),Bob	Carr Senator(NSW),ALP,1895049.83,14880.00,1335517.30,32242.50,0.00,64881.93,350454.89,33087.32,21506.76,23822.25,18656.88,0.00,,NSW
MP,Bob	Debus ,Bob	Debus MP,(Macquarie),Bob	Debus MP(Macquarie),ALP,144134.22,920.00,19558.27,-106.86,0.00,1367.12,632.41,0.00,120918.56,0.00,844.72,0.00,4374,NSW
MP,Bronwyn	Bishop ,Bronwyn	Bishop MP,(Mackellar),Bronwyn	Bishop MP(Mackellar),Liberal,1770035.46,97517.00,7391.39,144621.07,0.00,164788.34,537467.81,323627.86,461173.77,33448.22,0.00,0.00,233,NSW
MP,Chris	Bowen ,Chris	Bowen MP,(McMahon),Chris	Bowen MP(McMahon),ALP,2165710.60,51848.00,300994.17,76143.20,0.00,190187.18,753585.27,297858.90,456925.06,24986.03,13182.79,0.00,161,NSW
MP,Chris	Hayes ,Chris	Hayes MP,(Fowler),Chris	Hayes MP(Fowler),ALP,1461022.11,69868.00,66651.26,22892.59,0.00,74192.42,407724.86,338984.20,425955.52,36491.52,18261.74,0.00,69,NSW
Senator,Concetta	Fierravanti-Wells ,Concetta	Fierravanti-Wells Senator,(NSW),Concetta	Fierravanti-Wells Senator(NSW),Liberal,973413.99,61665.00,0.00,145674.78,335.09,125517.11,318318.72,1053.64,247778.36,54366.72,18704.57,0.00,,NSW
MP,Craig	Kelly ,Craig	Kelly MP,(Hughes),Craig	Kelly MP(Hughes),Liberal,849867.83,42495.00,0.00,4542.55,0.00,19323.96,301791.77,4399.09,448241.75,29073.71,0.00,0.00,178,NSW
MP,Craig	Thomson ,Craig	Thomson MP,(Dobell),Craig	Thomson MP(Dobell),ALP,929848.45,47638.00,24180.93,33914.64,0.00,73137.70,347852.37,20167.27,339292.83,33215.49,10449.22,0.00,775,NSW
MP,Danna	Vale ,Danna	Vale MP,(Hughes),Danna	Vale MP(Hughes),Liberal,43415.73,4468.00,14861.04,-318.05,0.00,1574.74,2039.66,0.00,20790.34,0.00,0.00,0.00,178,NSW
MP,Daryl	Melham ,Daryl	Melham MP,(Banks),Daryl	Melham MP(Banks),ALP,883886.63,52929.00,0.00,61033.56,0.00,47589.25,243845.05,0.00,446452.37,30853.00,1184.40,0.00,49,NSW
MP,David	Bradbury ,David	Bradbury MP,(Lindsay),David	Bradbury MP(Lindsay),ALP,1330930.73,73577.00,53279.98,74573.38,0.00,110381.95,498848.18,32975.42,458347.61,27387.29,1559.92,0.00,339,NSW
MP,Deb	O'Neill ,Deb	O'Neill MP,(Robertson),Deb	O'Neill MP(Robertson),ALP,1080353.84,51779.00,33728.23,54129.05,0.00,110604.47,328169.75,61726.23,393311.12,30150.44,16755.55,0.00,978,NSW
Senator,Doug	Cameron ,Doug	Cameron Senator,(NSW),Doug	Cameron Senator(NSW),ALP,822357.31,100759.00,20535.62,53289.85,0.00,71878.49,396923.54,0.00,135855.03,32612.96,10502.82,0.00,,NSW
MP,Ed	Husic ,Ed	Husic MP,(Chifley),Ed	Husic MP(Chifley),ALP,892772.50,18823.00,14713.95,13061.49,0.00,53532.78,367827.00,8390.00,389367.14,26831.71,225.43,0.00,135,NSW
Senator,Fiona	Nash ,Fiona	Nash Senator,(NSW),Fiona	Nash Senator(NSW),National,833124.49,91490.00,0.00,98321.23,29871.41,95157.75,244294.83,360.00,192625.58,53824.96,27178.73,0.00,,NSW
MP,Greg	Combet ,Greg	Combet MP,(Charlton),Greg	Combet MP(Charlton),ALP,1805089.12,146175.00,386573.60,111260.47,0.00,113529.00,594903.09,1638.34,423544.91,22743.17,4721.54,0.00,688,NSW
Senator,Helen	Coonan ,Helen	Coonan Senator,(NSW),Helen	Coonan Senator(NSW),Liberal,832774.03,11806.00,24960.68,13031.90,0.00,11824.86,261802.28,425541.55,74428.84,8349.34,1028.58,0.00,,NSW
MP,Janelle	Saffin ,Janelle	Saffin MP,(Page),Janelle	Saffin MP(Page),ALP,1024883.36,69425.00,63171.90,86675.36,0.00,84135.56,297664.87,0.00,365629.27,44933.03,13248.37,0.00,16143,NSW
MP,Jason	Clare ,Jason	Clare MP,(Blaxland),Jason	Clare MP(Blaxland),ALP,1656674.57,68445.00,228850.38,176678.32,0.00,127194.28,532526.02,20030.15,466376.20,24498.13,12076.09,0.00,62,NSW
MP,Jennie	George ,Jennie	George MP,(Throsby),Jennie	George MP(Throsby),ALP,27948.35,1610.00,0.00,0.00,0.00,947.47,-198.88,0.00,25589.76,0.00,0.00,0.00,1422,NSW
MP,Jill	Hall ,Jill	Hall MP,(Shortland),Jill	Hall MP(Shortland),ALP,969890.04,71813.00,46361.14,64269.64,0.00,77669.77,203603.18,1577.40,453677.77,35744.75,15173.39,0.00,205,NSW
MP,Joanna	Gash ,Joanna	Gash MP,(Gilmore),Joanna	Gash MP(Gilmore),Liberal,972651.45,54177.00,5206.39,3559.63,0.00,68251.58,312203.56,786.59,498140.15,30326.55,0.00,0.00,4878,NSW
MP,Joe	Hockey ,Joe	Hockey MP,(North Sydney),Joe	Hockey MP(North Sydney),Liberal,1536412.24,79447.00,34752.33,108501.72,0.00,152432.65,690517.10,4228.64,412784.67,36798.45,16949.68,0.00,48,NSW
MP,Joel	Fitzgibbon ,Joel	Fitzgibbon MP,(Hunter),Joel	Fitzgibbon MP(Hunter),ALP,1033576.70,89464.00,96173.01,63419.96,0.00,110302.06,346790.69,0.00,285248.91,38629.26,3548.81,0.00,20111,NSW
MP,John	Alexander ,John	Alexander MP,(Bennelong),John	Alexander MP(Bennelong),Liberal,1049255.46,36872.00,0.00,8857.96,0.00,24087.11,548855.55,780.14,398431.06,27956.37,3415.27,0.00,58,NSW
MP,John	Cobb ,John	Cobb MP,(Calare),John	Cobb MP(Calare),National,1642175.00,81703.34,8646.98,88541.59,54320.80,172040.37,466364.71,259643.16,459328.07,35572.48,16013.50,0.00,30526,NSW
Senator,John	Faulkner ,John	Faulkner Senator,(NSW),John	Faulkner Senator(NSW),ALP,753335.51,77586.00,-6348.67,17878.46,0.00,75212.26,373547.10,129186.79,46289.97,38356.82,1626.78,0.00,,NSW
MP,John	Murphy ,John	Murphy MP,(Reid),John	Murphy MP(Reid),ALP,1723054.31,60001.00,110713.69,18516.31,0.00,58076.74,643827.00,321064.48,459203.68,29405.10,22246.31,0.00,66,NSW
Senator,John	Williams ,John	Williams Senator,(NSW),John	Williams Senator(NSW),Nationals,967001.04,111283.00,19749.57,132282.81,37637.62,158850.41,250868.80,2332.11,177827.84,43847.48,32321.40,0.00,,NSW
MP,Julia	Irwin ,Julia	Irwin MP,(Fowler),Julia	Irwin MP(Fowler),ALP,19068.76,0.00,11809.36,0.00,0.00,1898.53,4026.25,0.00,1334.62,0.00,0.00,0.00,69,NSW
MP,Julie	Owens ,Julie	Owens MP,(Parramatta),Julie	Owens MP(Parramatta),ALP,1137022.09,48769.00,5782.47,4666.57,0.00,20094.91,493788.80,14885.45,521820.53,27214.36,0.00,0.00,56,NSW
MP,Justine	Elliot ,Justine	Elliot MP,(Richmond),Justine	Elliot MP(Richmond),ALP,1344667.81,64743.00,94404.39,68453.73,0.00,125952.67,465379.72,3448.47,470833.51,25463.10,25989.22,0.00,2768,NSW
MP,Kay	Hull ,Kay	Hull MP,(Riverina),Kay	Hull MP(Riverina),National,49956.64,4800.00,17613.38,1052.74,1170.91,1595.95,3211.82,0.00,20511.84,0.00,0.00,0.00,61435,NSW
MP,Laurie	Ferguson ,Laurie	Ferguson MP,(Werriwa),Laurie	Ferguson MP(Werriwa),ALP,1121658.01,47777.00,94932.66,46830.10,0.00,86864.99,304850.88,23836.28,470115.08,34411.00,12040.02,0.00,159,NSW
Senator,Lee	Rhiannon ,Lee	Rhiannon Senator,(NSW),Lee	Rhiannon Senator(NSW),Greens,1009832.08,37633.00,0.00,31134.02,3700.00,13850.33,342707.66,416747.09,135342.54,24862.56,3854.88,0.00,,NSW
MP,Louise	Markus ,Louise	Markus MP,(Macquarie),Louise	Markus MP(Macquarie),Liberal,1172264.38,47223.00,0.00,38391.12,0.00,81644.43,435333.95,3073.00,524599.07,40658.54,1341.27,0.00,4374,NSW
MP,Luke	Hartsuyker ,Luke	Hartsuyker MP,(Cowper),Luke	Hartsuyker MP(Cowper),National,1124095.81,81569.00,42856.32,121710.29,0.00,86434.92,304729.10,956.36,447081.92,30821.96,7935.94,0.00,7861,NSW
MP,Malcolm	Turnbull ,Malcolm	Turnbull MP,(Wentworth),Malcolm	Turnbull MP(Wentworth),Liberal,1385674.36,51238.00,37441.02,64200.25,0.00,61633.10,802704.95,447.27,304398.44,50543.48,13067.85,0.00,30,NSW
Senator,Marise	Payne ,Marise	Payne Senator,(NSW),Marise	Payne Senator(NSW),Liberal,697009.66,32278.00,0.00,23106.29,11228.18,72270.41,325635.57,0.00,192053.51,30275.49,10162.21,0.00,,NSW
Senator,Mark	Arbib ,Mark	Arbib Senator,(NSW),Mark	Arbib Senator(NSW),ALP,709025.43,35294.00,171546.03,84622.79,254.34,107837.62,225172.44,0.00,75947.06,5571.45,2779.70,0.00,,NSW
MP,Mark	Coulton ,Mark	Coulton MP,(Parkes),Mark	Coulton MP(Parkes),National,1403089.01,88228.00,28832.58,62320.53,143887.78,148639.83,382866.78,0.00,488790.63,36083.05,23439.83,0.00,256643,NSW
Senator,Matthew	Thistlethwaite ,Matthew	Thistlethwaite Senator,(NSW),Matthew	Thistlethwaite Senator(NSW),ALP,870009.63,47360.00,19666.94,72240.49,9103.72,51067.44,205491.73,369369.96,72440.52,21639.63,1629.20,0.00,,NSW
MP,Maxine	McKew ,Maxine	McKew MP,(Bennelong),Maxine	McKew MP(Bennelong),ALP,184898.74,3286.00,0.00,3659.19,0.00,4574.00,36805.60,9675.06,126898.89,0.00,0.00,0.00,58,NSW
Senator,Michael	Forshaw ,Michael	Forshaw Senator,(NSW),Michael	Forshaw Senator(NSW),ALP,289747.99,27530.00,28538.00,31393.33,4928.46,37149.38,73733.26,381.36,66849.70,6199.89,13044.61,0.00,,NSW
MP,Michael	McCormack ,Michael	McCormack MP,(Riverina),Michael	McCormack MP(Riverina),National,932677.95,68699.00,33870.79,40839.60,11561.83,65942.83,328482.88,3740.00,339055.09,35912.40,4573.53,0.00,61435,NSW
MP,Michelle	Rowland ,Michelle	Rowland MP,(Greenway),Michelle	Rowland MP(Greenway),ALP,1490930.43,42521.00,15853.26,39493.13,0.00,60712.96,405455.37,418916.23,460430.14,27464.46,20083.88,0.00,84,NSW
MP,Mike	Kelly ,Mike	Kelly MP,(Eden-Monaro),Mike	Kelly MP(Eden-Monaro),ALP,2233780.10,46684.00,157285.91,46558.46,59880.46,104055.71,515985.67,790573.78,479103.49,23135.72,10516.90,0.00,29499,NSW
MP,Pat	Farmer ,Pat	Farmer MP,(Macarthur),Pat	Farmer MP(Macarthur),Liberal,166670.28,0.00,0.00,318.04,0.00,1910.90,3630.07,0.00,158722.55,0.00,2088.72,0.00,798,NSW
MP,Paul	Fletcher ,Paul	Fletcher MP,(Bradfield),Paul	Fletcher MP(Bradfield),Liberal,1166467.86,41524.00,3131.47,68037.11,0.00,36572.69,474967.03,52383.48,460761.62,22845.48,6244.98,0.00,99,NSW
MP,Peter	Garrett ,Peter	Garrett MP,(Kingsford Smith),Peter	Garrett MP(Kingsford Smith),ALP,1689543.31,90209.00,79817.34,175555.94,61674.64,188934.39,611917.88,480.00,452054.27,17972.14,10927.71,0.00,127,NSW
MP,Philip	Ruddock ,Philip	Ruddock MP,(Berowra),Philip	Ruddock MP(Berowra),Liberal,1029909.97,68993.00,36312.47,89690.12,0.00,165480.44,315544.95,4060.31,292839.66,33882.03,23106.99,0.00,782,NSW
MP,Robert	McClelland ,Robert	McClelland MP,(Barton),Robert	McClelland MP(Barton),ALP,1912506.55,76448.00,97365.50,98583.98,3427.77,179526.17,602850.92,366986.36,423614.12,27433.07,36270.66,0.00,44,NSW
MP,Robert	Oakeshott ,Robert	Oakeshott MP,(Lyne),Robert	Oakeshott MP(Lyne),Independent,1088301.48,50898.00,17528.46,85481.95,0.00,65046.26,412218.04,21256.20,382050.25,31665.34,22156.98,0.00,11991,NSW
MP,Roger	Price ,Roger	Price MP,(Chifley),Roger	Price MP(Chifley),ALP,108296.57,948.00,-10772.82,705.14,0.00,4597.86,11463.34,0.00,99947.13,0.00,1407.92,0.00,135,NSW
MP,Russell	Matheson ,Russell	Matheson MP,(Macarthur),Russell	Matheson MP(Macarthur),Liberal ,798792.28,46550.00,11425.48,4662.25,0.00,41451.93,277404.53,2310.00,392767.13,21155.21,1065.75,0.00,798,NSW
MP,Scott	Morrison ,Scott	Morrison MP,(Cook),Scott	Morrison MP(Cook),Liberal,1307725.10,73010.00,51406.38,128420.05,0.00,145588.74,498296.84,3457.45,366849.69,34996.04,5699.91,0.00,100,NSW
MP,Sharon	Bird ,Sharon	Bird MP,(Cunningham),Sharon	Bird MP(Cunningham),ALP,1122486.45,76512.00,0.00,49504.16,0.00,60855.40,497330.21,8954.50,406263.37,23066.81,0.00,0.00,721,NSW
MP,Sharon	Grierson ,Sharon	Grierson MP,(Newcastle),Sharon	Grierson MP(Newcastle),ALP,1096779.80,70961.00,73606.56,28966.08,0.00,61345.00,333061.38,230.00,483612.54,40014.27,4982.97,0.00,354,NSW
MP,Stephen	Jones ,Stephen	Jones MP,(Throsby),Stephen	Jones MP(Throsby),ALP,1055343.58,48988.00,0.00,9501.56,0.00,52795.92,316379.41,100165.00,500862.31,25146.36,1505.02,0.00,1422,NSW
Senator,Steve	Hutchins ,Steve	Hutchins Senator,(NSW),Steve	Hutchins Senator(NSW),ALP,272037.59,21054.00,-368.44,27861.35,5808.00,33694.01,111068.89,708.20,55030.73,10212.74,6968.11,0.00,,NSW
MP,Sussan	Ley ,Sussan	Ley MP,(Farrer),Sussan	Ley MP(Farrer),Liberal,1527489.92,133015.43,17374.94,168126.61,81027.85,157135.36,462536.74,1879.87,444918.51,43928.68,17545.93,0.00,247097,NSW
MP,Tanya	Plibersek ,Tanya	Plibersek MP,(Sydney),Tanya	Plibersek MP(Sydney),ALP,1813085.43,44929.00,82217.35,137599.01,2572.73,192156.41,976592.91,-104892.12,450642.54,8519.54,22748.06,0.00,91,NSW
MP,Tony	Abbott ,Tony	Abbott MP,(Warringah),Tony	Abbott MP(Warringah),Liberal,3205960.65,186123.00,172708.65,218495.71,216993.27,485559.01,1000014.29,22918.82,722589.86,124008.25,56549.79,0.00,73,NSW
MP,Tony	Burke ,Tony	Burke MP,(Watson),Tony	Burke MP(Watson),ALP,2724813.00,153545.33,233672.36,153302.34,256170.87,288490.99,858154.04,359812.38,377161.89,19843.74,24659.06,0.00,42,NSW
MP,Tony	Windsor ,Tony	Windsor MP,(New England),Tony	Windsor MP(New England),Independent,1314785.81,69093.00,47947.25,118285.74,10488.50,113284.29,434824.59,26541.38,418860.36,54235.91,21224.79,0.00,59344,NSW
Senator,Ursula	Stephens ,Ursula	Stephens Senator,(NSW),Ursula	Stephens Senator(NSW),ALP,1245229.30,82779.00,212422.62,32622.73,14245.76,105640.81,346097.73,217786.42,189630.51,40011.08,3992.64,0.00,,NSW
MP,Damian	Hale ,Damian	Hale MP,(Solomon),Damian	Hale MP(Solomon),ALP,157530.58,1150.00,0.00,1499.02,0.00,6702.71,16014.55,0.00,136975.24,0.00,-4810.94,0.00,337,NT
MP,Natasha	Griggs ,Natasha	Griggs MP,(Solomon),Natasha	Griggs MP(Solomon),CLP,1150933.94,62423.00,0.00,156765.93,3409.09,60273.36,374800.71,48101.72,363094.77,26697.13,55368.23,0.00,337,NT
Senator,Nigel	Scullion ,Nigel	Scullion Senator,(NT),Nigel	Scullion Senator(NT),CLP,1377906.29,141605.00,20646.68,261308.68,82898.61,307855.55,273599.63,629.22,219133.41,37802.01,32427.50,0.00,,NT
Senator,Trish	Crossin ,Trish	Crossin Senator,(NT),Trish	Crossin Senator(NT),ALP,1141417.49,87341.00,24782.60,213851.33,75369.17,145891.13,336458.71,4602.97,175011.32,39984.01,38125.25,0.00,,NT
MP,Warren	Snowdon ,Warren	Snowdon MP,(Lingiari),Warren	Snowdon MP(Lingiari),ALP,2752900.60,215815.00,427669.15,303951.80,292748.67,332199.96,772218.36,8371.19,324725.95,41508.25,33692.27,0.00,1352371,NT
MP,Alexander	Somlyay ,Alexander	Somlyay MP,(Fairfax),Alexander	Somlyay MP(Fairfax),LNP,1075450.27,64538.00,0.00,67103.66,0.00,47512.90,425057.96,0.00,438284.39,22834.96,10118.40,0.00,1036,QLD
MP,Andrew	Laming ,Andrew	Laming MP,(Bowman),Andrew	Laming MP(Bowman),LNP,1190319.89,69295.00,6043.90,170056.82,0.00,56201.31,310885.51,446.36,503459.69,33487.52,40443.78,0.00,537,QLD
MP,Arch	Bevis ,Arch	Bevis MP,(Brisbane),Arch	Bevis MP(Brisbane),ALP,164832.42,2670.00,423.26,500.50,0.00,5876.13,18444.09,0.00,136918.44,0.00,0.00,0.00,58,QLD
Senator,Barnaby	Joyce ,Barnaby	Joyce Senator,(QLD),Barnaby	Joyce Senator(QLD),National,1799103.98,147389.00,63695.32,198881.15,121458.28,219992.68,250897.60,436854.63,275368.55,40495.85,44070.92,0.00,,QLD
MP,Bernie	Ripoll ,Bernie	Ripoll MP,(Oxley),Bernie	Ripoll MP(Oxley),ALP,1594905.32,76528.21,170688.57,170670.73,0.00,144956.60,446398.69,34071.58,493276.90,35798.08,22515.96,0.00,155,QLD
MP,Bert	Van Manen ,Bert	Van Manen MP,(Forde),Bert	Van Manen MP(Forde),LNP,930695.44,50998.00,0.00,62205.79,0.00,77995.20,281664.52,22287.53,392920.58,23656.84,18966.98,0.00,419,QLD
MP,Bob	Katter ,Bob	Katter MP,(Kennedy),Bob	Katter MP(Kennedy),Katter's Australian Party,1801087.52,80416.97,0.00,215618.51,189801.78,308760.49,509465.91,78849.11,274685.30,72005.33,71484.12,0.00,568993,QLD
Senator,Brett	Mason ,Brett	Mason Senator,(QLD),Brett	Mason Senator(QLD),Liberal,1305132.84,115833.00,25308.35,146177.62,870.78,74428.76,420228.76,262769.68,224301.23,27397.63,7817.03,0.00,,QLD
MP,Brett	Raguse ,Brett	Raguse MP,(Forde),Brett	Raguse MP(Forde),ALP,134635.68,2070.00,0.00,1362.76,0.00,10623.80,12172.81,1166.22,105761.57,0.00,1478.52,0.00,419,QLD
MP	,Bruce	Scott ,Bruce	Scott MP	,(Maranoa),Bruce	Scott MP	(Maranoa),LNP,1767127.08,97172.00,60833.81,126579.66,226706.91,185828.29,452887.94,2446.82,471919.63,43968.44,98783.58,0.00,731297,QLD
MP,Chris	Trevor ,Chris	Trevor MP,(Flynn),Chris	Trevor MP(Flynn),ALP,200220.44,4474.00,0.00,-908.85,659.59,16985.63,20543.35,33.64,158433.08,0.00,0.00,0.00,133063,QLD
Senator,Claire	Moore ,Claire	Moore Senator,(QLD),Claire	Moore Senator(QLD),ALP,1060251.10,101683.00,77312.55,177091.19,27972.70,102157.33,309028.93,2676.36,223149.96,37871.54,1307.54,0.00,,QLD
MP,Craig	Emerson ,Craig	Emerson MP,(Rankin),Craig	Emerson MP(Rankin),ALP,2780930.22,112818.00,1151682.36,164524.03,0.00,176297.44,643824.98,4980.28,505981.70,17781.81,3039.62,0.00,131,QLD
MP,Ewen	Jones ,Ewen	Jones MP,(Herbert),Ewen	Jones MP(Herbert),LNP,1039153.04,53197.00,1103.56,102870.65,1900.00,48136.99,285253.53,14493.02,483261.36,22878.32,26058.61,0.00,946,QLD
Senator,George	Brandis ,George	Brandis Senator,(QLD),George	Brandis Senator(QLD),Liberal,1102137.23,101474.00,27710.72,224244.25,2608.41,130755.25,446631.16,2835.00,136969.13,18603.77,10305.54,0.00,,QLD
MP,George	Christensen ,George	Christensen MP,(Dawson),George	Christensen MP(Dawson),LNP,1098549.33,63784.00,0.00,117519.55,21879.91,75376.87,309068.30,12303.68,464270.34,26959.32,7387.36,0.00,14945,QLD
MP,Graham	Perrett ,Graham	Perrett MP,(Moreton),Graham	Perrett MP(Moreton),ALP,1385805.27,49014.00,57474.21,95254.09,0.00,69096.23,513900.40,3120.00,533364.48,29764.23,34817.63,0.00,111,QLD
Senator,Ian	Macdonald ,Ian	Macdonald Senator,(QLD),Ian	Macdonald Senator(QLD),Liberal,1488037.00,145906.00,85601.35,195023.76,47318.38,140110.80,315975.69,234326.79,220407.28,29608.77,73758.18,0.00,,QLD
MP,Ian	Macfarlane ,Ian	Macfarlane MP,(Groom),Ian	Macfarlane MP(Groom),LNP,1254801.56,105656.00,23339.14,184525.36,1655.91,118464.51,317641.85,3740.44,455918.53,28921.51,14938.31,0.00,5594,QLD
MP,James	Bidgood ,James	Bidgood MP,(Dawson),James	Bidgood MP(Dawson),ALP,102721.42,0.00,0.00,755.23,0.00,-1618.74,13202.79,475.00,89907.14,0.00,0.00,0.00,14945,QLD
Senator,Jan	McLucas ,Jan	McLucas Senator,(QLD),Jan	McLucas Senator(QLD),ALP,1314859.45,129524.00,167327.34,285974.94,44731.62,146032.32,314788.21,432.00,189598.02,19898.32,16552.68,0.00,,QLD
MP,Jane	Prentice ,Jane	Prentice MP,(Ryan),Jane	Prentice MP(Ryan),LNP,1073807.00,62015.00,10165.09,87607.88,1655.91,67144.36,377454.97,10301.97,414361.01,23863.92,19236.89,0.00,441,QLD
MP,Jim	Turnour ,Jim	Turnour MP,(Leichhardt),Jim	Turnour MP(Leichhardt),ALP,219592.70,2942.00,0.00,2868.39,15996.87,5472.68,19776.34,461.22,170088.52,0.00,1986.68,0.00,148988,QLD
Senator,Joe	Ludwig ,Joe	Ludwig Senator,(QLD),Joe	Ludwig Senator(QLD),ALP,1742048.91,112767.00,101650.74,158169.00,72614.69,105573.92,965094.42,300.91,176771.35,27907.73,21199.15,0.00,,QLD
Senator,John	Hogg ,John	Hogg Senator,(QLD),John	Hogg Senator(QLD),ALP,1889268.47,74605.00,726125.89,135686.42,96841.19,115546.66,446666.94,0.00,220136.07,38902.52,34757.78,0.00,,QLD
MP,Jon	Sullivan ,Jon	Sullivan MP,(Longman),Jon	Sullivan MP(Longman),ALP,166615.44,2070.00,0.00,0.00,0.00,-579.23,15030.20,860.00,149234.47,0.00,0.00,0.00,1239,QLD
MP,Karen	Andrews ,Karen	Andrews MP,(McPherson),Karen	Andrews MP(McPherson),LNP,1051707.29,53969.00,0.00,80489.61,0.00,29326.15,321452.23,75515.83,442768.56,26536.73,21649.18,0.00,230,QLD
MP,Ken	O'Dowd ,Ken	O'Dowd MP,(Flynn),Ken	O'Dowd MP(Flynn),LNP,1233703.80,76883.00,0.00,108289.88,37026.09,80837.45,472348.13,7108.69,393208.65,33602.21,24399.70,0.00,133063,QLD
MP,Kerry	Rea ,Kerry	Rea MP,(Bonner),Kerry	Rea MP(Bonner),ALP,148094.60,920.00,0.00,569.40,0.00,3680.83,13536.27,635.00,126475.50,0.00,2277.60,0.00,360,QLD
MP,Kevin	Rudd ,Kevin	Rudd MP,(Griffith),Kevin	Rudd MP(Griffith),ALP,3648174.54,67939.00,1727970.09,162462.49,4140.91,251880.80,770971.49,6511.22,582228.65,62327.54,11742.35,0.00,60,QLD
MP,Kirsten	Livermore ,Kirsten	Livermore MP,(Capricornia),Kirsten	Livermore MP(Capricornia),ALP,1251704.51,60558.00,90261.22,139928.51,38490.85,67179.14,276161.06,4240.77,514181.38,34681.95,26021.63,0.00,91049,QLD
Senator,Larissa	Waters ,Larissa	Waters Senator,(QLD),Larissa	Waters Senator(QLD),Greens,1022598.55,56993.00,0.00,76398.84,12611.36,18433.65,232469.73,479124.94,96672.84,21627.76,28266.43,0.00,,QLD
MP,Margaret	May ,Margaret	May MP,(McPherson),Margaret	May MP(McPherson),Liberal,47426.29,0.00,1219.36,-120.24,0.00,3171.59,3033.01,1604.00,38518.57,0.00,0.00,0.00,230,QLD
Senator,Mark	Furner ,Mark	Furner Senator,(QLD),Mark	Furner Senator(QLD),ALP,836382.64,69272.00,87651.74,128097.06,0.00,73173.90,278987.82,0.00,160843.66,28803.01,9553.45,0.00,,QLD
MP,Michael	Johnson ,Michael	Johnson MP,(Ryan),Michael	Johnson MP(Ryan),Liberal,154035.37,690.00,0.00,1138.80,0.00,-225.79,16626.65,935.00,134773.07,0.00,97.64,0.00,441,QLD
MP,Paul	Neville ,Paul	Neville MP,(Hinkler),Paul	Neville MP(Hinkler),LNP,953135.36,65535.00,31976.44,95250.44,0.00,51617.26,253761.45,1539.22,397400.80,26191.77,29862.98,0.00,3504,QLD
MP,Peter	Dutton ,Peter	Dutton MP,(Dickson),Peter	Dutton MP(Dickson),LNP,1413288.07,98586.00,46498.73,216696.55,0.00,134741.98,364025.68,3123.00,464847.73,32564.54,52203.86,0.00,772,QLD
MP,Peter	Lindsay ,Peter	Lindsay MP,(Herbert),Peter	Lindsay MP(Herbert),Liberal,132990.38,0.00,10337.74,284.33,0.00,2608.33,5200.26,1310.00,110460.99,0.00,2788.73,0.00,946,QLD
MP,Peter	Slipper ,Peter	Slipper MP,(Fisher),Peter	Slipper MP(Fisher),LNP / Independent,1552550.64,94722.00,169257.15,187303.12,0.00,151722.90,465235.23,16257.00,350902.68,39120.42,78030.14,0.00,1170,QLD
Senator,Ronald	Boswell ,Ronald	Boswell Senator,(QLD),Ronald	Boswell Senator(QLD),National,808315.56,59273.00,8307.24,123169.23,17676.55,69128.97,369636.36,0.00,137098.40,13484.29,10541.52,0.00,,QLD
MP,Ross	Vasta ,Ross	Vasta MP,(Bonner),Ross	Vasta MP(Bonner),LNP,868065.57,43455.00,14345.52,61218.96,0.00,9858.90,291680.55,6049.86,403030.09,24439.69,13987.00,0.00,360,QLD
Senator,Russell	Trood ,Russell	Trood Senator,(QLD),Russell	Trood Senator(QLD),Liberal,369505.86,28428.00,29360.38,48038.23,638.02,30226.17,136136.30,1320.00,80170.53,489.63,14698.60,0.00,,QLD
MP,Scott	Buchholz ,Scott	Buchholz MP,(Wright),Scott	Buchholz MP(Wright),LNP,1548606.87,54368.00,0.00,88863.89,0.00,85806.46,323230.13,538051.85,412865.47,31094.44,14326.63,0.00,7589,QLD
MP,Shayne	Neumann ,Shayne	Neumann MP,(Blair),Shayne	Neumann MP(Blair),ALP,1125181.89,61473.00,22377.38,89324.20,0.00,87723.70,302206.54,14993.89,506950.31,32269.84,9518.07,-1655.04,6409,QLD
MP,Steven	Ciobo ,Steven	Ciobo MP,(Moncrieff),Steven	Ciobo MP(Moncrieff),LNP,1292959.31,57370.00,101350.94,101094.73,0.00,83056.50,389098.09,926.20,512517.42,34777.52,12767.91,0.00,92,QLD
MP,Stuart	Robert ,Stuart	Robert MP,(Fadden),Stuart	Robert MP(Fadden),LNP,1698359.87,68649.00,74348.68,136938.85,0.00,65483.50,392237.67,318281.56,600543.26,31382.98,10494.37,0.00,395,QLD
Senator,Sue	Boyce ,Sue	Boyce Senator,(QLD),Sue	Boyce Senator(QLD),LNP,984459.76,79522.00,49734.06,120036.18,3742.83,59621.77,427579.34,1040.00,206799.91,23520.02,12863.65,0.00,,QLD
MP,Teresa	Gambaro ,Teresa	Gambaro MP,(Brisbane),Teresa	Gambaro MP(Brisbane),LNP,1088992.18,53339.00,8665.94,99016.08,1655.91,51159.36,372451.64,52214.27,391803.25,30469.80,28216.93,0.00,58,QLD
MP,Warren	Entsch ,Warren	Entsch MP,(Leichhardt),Warren	Entsch MP(Leichhardt),LNP,1528090.32,101384.00,14279.54,151847.18,102165.11,61763.69,479260.48,48047.46,491576.93,51635.31,26130.62,0.00,148988,QLD
MP,Warren	Truss ,Warren	Truss MP,(Wide Bay),Warren	Truss MP(Wide Bay),LNP,1347090.16,141550.00,14722.24,205982.43,44670.95,131021.40,273568.35,10310.00,446079.48,30122.75,49062.56,0.00,14573,QLD
MP,Wayne	Swan ,Wayne	Swan MP,(Lilley),Wayne	Swan MP(Lilley),ALP,2849636.78,154769.00,933970.02,138659.15,0.00,381917.94,626947.94,0.00,562859.95,18858.54,31654.24,0.00,147,QLD
MP,Wyatt	Roy ,Wyatt	Roy MP,(Longman),Wyatt	Roy MP(Longman),LNP,928814.42,53945.00,0.00,64601.91,0.00,67131.45,230013.46,8770.39,480825.93,22070.70,1455.58,0.00,1239,QLD
MP,Yvette	D'Ath ,Yvette	D'Ath MP,(Petrie),Yvette	D'Ath MP(Petrie),ALP,1565169.11,57303.00,28909.82,82960.45,0.00,65998.92,425939.88,422318.81,432371.97,25493.21,23873.05,0.00,152,QLD
Senator,Alan	Ferguson ,Alan	Ferguson Senator,(SA),Alan	Ferguson Senator(SA),Liberal,314381.85,17966.00,53281.55,34306.71,7518.18,50006.09,74766.27,0.00,66610.22,365.15,9561.68,0.00,,SA
Senator,Alex	Gallacher ,Alex	Gallacher Senator,(SA),Alex	Gallacher Senator(SA),ALP,793190.75,69890.00,13821.52,87207.99,2102.89,45648.42,177107.23,204178.95,148192.21,20100.24,24941.30,0.00,,SA
MP,Amanda	Rishworth ,Amanda	Rishworth MP,(Kingston),Amanda	Rishworth MP(Kingston),ALP,1203877.62,67854.00,27355.75,107421.94,0.00,70176.46,309500.75,6646.00,581398.07,27613.61,5911.04,0.00,171,SA
MP,Andrew	Southcott ,Andrew	Southcott MP,(Boothby),Andrew	Southcott MP(Boothby),Liberal,1440640.08,60631.00,34262.02,103554.48,0.00,64904.56,270167.63,307292.40,563655.44,22325.91,13846.64,0.00,130,SA
Senator,Anne	McEwen ,Anne	McEwen Senator,(SA),Anne	McEwen Senator(SA),ALP,709535.64,69337.00,32915.21,95110.10,539.45,82530.11,246256.84,2536.50,153857.05,22646.07,3807.31,0.00,,SA
Senator,Anne Ruston  ,Anne Ruston  Senator,(SA),Anne Ruston  Senator(SA),Liberal,756533.01,33061.00,21216.52,40485.79,5692.57,16489.88,116219.43,448309.76,56971.69,7703.85,10382.52,0.00,,SA
Senator,Annette	Hurley ,Annette	Hurley Senator,(SA),Annette	Hurley Senator(SA),ALP,278203.59,21255.00,20934.24,38280.25,779.29,23162.48,73876.86,0.00,80046.10,848.71,19020.66,0.00,,SA
MP	,Christopher	Pyne ,Christopher	Pyne MP	,(Sturt),Christopher	Pyne MP	(Sturt),Liberal,1246019.08,108196.00,27778.32,212009.85,0.00,135815.86,222769.85,301.22,495208.55,30739.25,13200.18,0.00,85,SA
Senator,Cory	Bernardi ,Cory	Bernardi Senator,(SA),Cory	Bernardi Senator(SA),Liberal,937075.63,71314.00,59049.01,151959.26,27054.49,61184.20,256094.50,32270.00,227248.13,26372.20,24636.32,-106.48,,SA
Senator,Dana	Wortley ,Dana	Wortley Senator,(SA),Dana	Wortley Senator(SA),ALP,321964.42,18459.00,18833.50,26133.23,259.67,24607.97,85579.76,3578.00,126179.02,1531.74,16802.53,0.00,,SA
Senator,David	Fawcett ,David	Fawcett Senator,(SA),David	Fawcett Senator(SA),Liberal,505432.94,51526.00,45639.43,100968.48,181.26,29520.93,154470.72,597.00,90407.77,14997.52,17123.83,0.00,,SA
Senator,Don	Farrell ,Don	Farrell Senator,(SA),Don	Farrell Senator(SA),ALP,1681185.74,131717.00,41092.17,210205.78,973.01,142285.70,421527.77,408819.23,227590.53,30229.75,66744.80,0.00,,SA
MP,Jamie	Briggs ,Jamie	Briggs MP,(Mayo),Jamie	Briggs MP(Mayo),Liberal,1233854.74,67575.00,21286.52,141525.44,0.00,106585.43,300261.90,9742.00,542110.90,28072.11,16695.44,0.00,9315,SA
MP,Kate	Ellis ,Kate	Ellis MP,(Adelaide),Kate	Ellis MP(Adelaide),ALP,1873305.19,93444.00,50903.61,207731.56,0.00,93271.85,501372.63,374779.93,521829.82,23267.34,6704.45,0.00,76,SA
MP,Mark	Butler ,Mark	Butler MP,(Port Adelaide),Mark	Butler MP(Port Adelaide),ALP,1439908.41,127776.00,33452.28,276551.27,840.00,161117.82,365800.76,20351.64,422732.02,11851.75,19434.87,0.00,181,SA
Senator,Mary	Jo Fisher ,Mary	Jo Fisher Senator,(SA),Mary	Jo Fisher Senator(SA),Liberal,726276.92,74480.00,0.00,85018.07,1946.96,52665.06,266465.75,27867.19,185568.38,17138.78,15126.73,0.00,,SA
MP,Nick	Champion ,Nick	Champion MP,(Wakefield),Nick	Champion MP(Wakefield),ALP,1145401.18,54967.00,34422.14,91961.40,0.00,62370.34,314402.64,4270.00,553204.18,28736.46,1067.02,0.00,6407,SA
Senator,Nick	Minchin ,Nick	Minchin Senator,(SA),Nick	Minchin Senator(SA),Liberal,261760.21,11078.00,7692.58,36925.30,0.00,31853.17,104339.16,0.00,62400.75,1462.39,6008.86,0.00,,SA
Senator,Nick	Xenophon ,Nick	Xenophon Senator,(SA),Nick	Xenophon Senator(SA),Independent,670496.60,78407.00,4972.54,110113.12,24152.41,15799.79,300002.52,43258.50,66617.82,25953.99,1218.91,0.00,,SA
MP,Patrick	Secker ,Patrick	Secker MP,(Barker),Patrick	Secker MP(Barker),Liberal,1793286.19,74385.00,140776.50,112812.17,29506.42,83168.90,521899.62,467579.99,295575.56,32709.15,34872.88,0.00,63886,SA
Senator,Penny	Wong ,Penny	Wong Senator,(SA),Penny	Wong Senator(SA),ALP,1148070.84,146544.00,75624.09,251232.12,18050.00,167839.49,500014.54,-187951.88,110154.42,18985.61,47578.45,0.00,,SA
Senator,Penny	Wright ,Penny	Wright Senator,(SA),Penny	Wright Senator(SA),Greens,804019.98,49908.00,0.00,83723.55,186.80,20192.66,172938.00,384335.00,73148.44,12294.21,7293.32,0.00,,SA
MP,Rowan	Ramsey ,Rowan	Ramsey MP,(Grey),Rowan	Ramsey MP(Grey),Liberal,1741888.81,99669.00,57155.51,122905.56,128310.10,132899.03,389406.98,246106.15,485944.76,43205.18,36286.54,0.00,904881,SA
Senator,Sarah	Hanson-Young ,Sarah	Hanson-Young Senator,(SA),Sarah	Hanson-Young Senator(SA),Greens,1325053.90,86970.00,35082.09,182741.24,22029.55,109164.47,377416.61,277688.72,132284.52,48405.17,53271.53,0.00,,SA
Senator,Sean	Edwards ,Sean	Edwards Senator,(SA),Sean	Edwards Senator(SA),Liberal,530208.01,56648.00,13591.34,103169.22,3907.93,15848.20,137167.75,37699.21,124642.73,17408.92,20124.71,0.00,,SA
Senator,Simon	Birmingham ,Simon	Birmingham Senator,(SA),Simon	Birmingham Senator(SA),Liberal,804270.99,70925.00,0.00,164632.51,700.62,76012.54,249282.98,1195.00,200683.88,24731.36,16107.10,0.00,,SA
MP,Steve	Georganas ,Steve	Georganas MP,(Hindmarsh),Steve	Georganas MP(Hindmarsh),ALP,1196425.18,62901.00,24615.26,122460.21,0.00,60511.45,356900.65,0.00,519048.15,37178.87,12809.59,0.00,78,SA
MP,Tony	Zappia ,Tony	Zappia MP,(Makin),Tony	Zappia MP(Makin),ALP,984144.44,72216.00,15168.90,62037.53,0.00,66036.95,274702.83,621.00,464411.53,25371.49,3578.21,0.00,130,SA
MP,Andrew	Wilkie ,Andrew	Wilkie MP,(Denison),Andrew	Wilkie MP(Denison),Independent,1221527.83,67110.00,0.00,119024.33,0.00,33341.47,348552.32,248776.92,379287.65,21385.73,4049.41,0.00,289,TAS
Senator,Anne	Urquhart ,Anne	Urquhart Senator,(TAS),Anne	Urquhart Senator(TAS),ALP,846939.23,58314.00,11024.97,92038.12,6517.37,42336.72,136178.25,301455.29,164100.80,23391.63,11582.08,0.00,,TAS
Senator,Bob	Brown ,Bob	Brown Senator,(TAS),Bob	Brown Senator(TAS),Greens,793396.08,70182.00,22157.18,112626.92,24770.48,81604.54,216899.28,68874.07,141422.59,30825.78,24732.60,-699.36,,TAS
Senator,Carol	Brown ,Carol	Brown Senator,(TAS),Carol	Brown Senator(TAS),ALP,757335.29,45604.00,0.00,52433.96,9236.37,56846.63,286857.18,871.22,275961.54,29524.39,0.00,0.00,,TAS
Senator,Catryna	Bilyk ,Catryna	Bilyk Senator,(TAS),Catryna	Bilyk Senator(TAS),ALP,933183.07,74365.00,42012.64,83422.08,0.00,68223.55,361909.39,69391.77,199086.86,21991.07,12780.71,0.00,,TAS
Senator,Christine	Milne ,Christine	Milne Senator,(TAS),Christine	Milne Senator(TAS),Greens,1024771.62,110979.00,11481.88,168633.70,11044.65,95700.13,350553.69,67526.05,168694.83,33249.08,6908.61,0.00,,TAS
Senator,David	Bushby ,David	Bushby Senator,(TAS),David	Bushby Senator(TAS),Liberal,937047.84,79874.00,41687.08,128489.51,5460.27,121032.48,287822.73,990.00,228868.61,19252.13,23571.03,0.00,,TAS
MP,Dick	Adams ,Dick	Adams MP,(Lyons),Dick	Adams MP(Lyons),ALP,979789.70,68730.00,110031.42,85664.50,7600.73,71298.37,243803.12,6749.30,345154.83,34779.33,5978.10,0.00,32910,TAS
MP,Duncan	Kerr ,Duncan	Kerr MP,(Denison),Duncan	Kerr MP(Denison),ALP,54977.36,1729.00,1049.40,2045.09,0.00,6446.41,4193.58,0.00,39513.88,0.00,0.00,0.00,289,TAS
Senator,Eric	Abetz ,Eric	Abetz Senator,(TAS),Eric	Abetz Senator(TAS),Liberal,1267296.21,124351.00,20786.41,201861.30,19040.05,190885.76,383518.07,2507.00,241619.15,35551.32,47176.15,0.00,,TAS
MP,Geoff	Lyons ,Geoff	Lyons MP,(Bass),Geoff	Lyons MP(Bass),ALP,1081744.28,60729.00,0.00,90662.98,0.00,68068.24,267516.35,244545.21,319245.74,20787.90,10188.86,0.00,7378,TAS
Senator,Guy	Barnett ,Guy	Barnett Senator,(Launceston ),Guy	Barnett Senator(Launceston ),Liberal,307193.68,26295.00,11264.61,32054.09,2512.00,32836.50,107621.41,1993.64,85492.55,1364.26,5759.62,0.00,,TAS
Senator,Helen	Polley ,Helen	Polley Senator,(TAS),Helen	Polley Senator(TAS),ALP,1292286.13,64168.00,55716.59,105720.39,39803.00,68907.12,386929.38,274974.08,231035.36,42148.45,22883.76,0.00,,TAS
MP,Jodie	Campbell ,Jodie	Campbell MP,(Bass),Jodie	Campbell MP(Bass),ALP,45909.36,0.00,0.00,-483.98,0.00,1801.82,8405.46,301.22,32948.12,0.00,2936.72,0.00,7378,TAS
MP,Julie	Collins ,Julie	Collins MP,(Franklin),Julie	Collins MP(Franklin),ALP,1079199.08,61182.00,32539.90,119704.16,0.00,68947.04,332795.71,5407.83,425532.55,20233.32,12856.57,0.00,6514,TAS
Senator,Kerry	O'Brien ,Kerry	O'Brien Senator,(TAS),Kerry	O'Brien Senator(TAS),ALP,275402.33,16389.00,76556.90,26810.49,327.70,25847.02,88993.92,461.22,37423.62,801.23,1791.23,0.00,,TAS
Senator,Lin	Thorp ,Lin	Thorp Senator,(TAS),Lin	Thorp Senator(TAS),ALP,408879.63,28692.00,0.00,33037.38,2500.00,23549.94,54029.15,181445.32,56229.34,7886.00,21510.50,0.00,,TAS
Senator,Lisa	Singh ,Lisa	Singh Senator,(TAS),Lisa	Singh Senator(TAS),ALP,944452.89,43781.00,2913.77,53433.52,0.00,36240.62,233111.31,352984.55,160278.48,31621.17,30088.47,0.00,,TAS
Senator,Nick	Sherry ,Nick	Sherry Senator,(TAS),Nick	Sherry Senator(TAS),ALP,700767.41,98390.00,27727.18,153472.31,2465.56,124197.90,177587.69,424.50,95322.46,12688.71,8491.10,0.00,,TAS
Senator,Peter	Whish-Wilson ,Peter	Whish-Wilson Senator,(TAS),Peter	Whish-Wilson Senator(TAS),Greens,582707.78,30213.00,0.00,46914.72,4875.20,23349.87,107251.53,321352.34,25252.42,12379.92,11118.78,0.00,,TAS
Senator,Richard	Colbeck ,Richard	Colbeck Senator,(TAS),Richard	Colbeck Senator(TAS),Liberal,909413.54,97560.00,36622.75,172641.33,628.88,81232.82,221755.06,31804.00,196073.20,25595.48,45500.02,0.00,,TAS
MP,Sid	Sidebottom ,Sid	Sidebottom MP,(Braddon),Sid	Sidebottom MP(Braddon),ALP,1242059.95,81194.00,10799.45,111955.22,17887.73,79562.06,258884.02,271285.24,372149.20,25550.92,12792.11,0.00,20826,TAS
Senator,Stephen	Parry ,Stephen	Parry Senator,(TAS),Stephen	Parry Senator(TAS),Liberal,1024836.53,115376.00,43808.39,165258.32,2979.16,139464.65,277799.29,7143.40,199717.00,29229.30,44061.02,0.00,,TAS
MP,Adam	Bandt ,Adam	Bandt MP,(Melbourne),Adam	Bandt MP(Melbourne),Greens,1446007.83,52981.00,0.00,110054.05,0.00,60268.61,622699.67,89638.19,467597.11,34544.44,8224.76,0.00,46,VIC
MP,Alan	Griffin ,Alan	Griffin MP,(Bruce),Alan	Griffin MP(Bruce),ALP,1205568.04,80330.00,70817.35,98563.62,0.00,95570.75,412887.17,0.00,390338.04,49485.50,7575.61,0.00,73,VIC
MP,Alan	Tudge ,Alan	Tudge MP,(Aston),Alan	Tudge MP(Aston),Liberal,981059.00,37987.00,0.00,81683.14,527.27,58864.22,306448.14,40851.59,418787.11,29866.10,6044.43,0.00,99,VIC
MP,Andrew	Robb ,Andrew	Robb MP,(Goldstein),Andrew	Robb MP(Goldstein),Liberal,1278117.28,80018.00,14090.56,181251.15,0.00,136142.33,372631.44,0.00,440550.05,33383.33,20050.42,0.00,50,VIC
MP,Anna	Burke ,Anna	Burke MP,(Chisholm),Anna	Burke MP(Chisholm),ALP,1127603.82,42333.00,80758.29,61727.59,0.00,88548.28,353727.07,0.00,452345.63,29769.34,18394.62,0.00,65,VIC
MP,Anthony	Byrne ,Anthony	Byrne MP,(Holt),Anthony	Byrne MP(Holt),ALP,1223031.49,54309.00,37464.94,38763.50,0.00,60290.41,382142.49,152697.07,452984.96,31933.06,12446.06,0.00,131,VIC
MP,Bill	Shorten ,Bill	Shorten MP,(Maribyrnong),Bill	Shorten MP(Maribyrnong),ALP,1937762.14,68290.00,288735.50,229236.56,2909.09,178404.06,462559.60,162440.40,496346.02,18372.82,30468.09,0.00,73,VIC
MP,Brendan	O'Connor ,Brendan	O'Connor MP,(Gorton),Brendan	O'Connor MP(Gorton),ALP,2356891.14,123672.00,210764.67,231365.25,2410.00,225582.00,637885.12,329425.12,495004.25,24556.02,76226.71,0.00,562,VIC
Senator,Bridget	McKenzie ,Bridget	McKenzie Senator,(VIC),Bridget	McKenzie Senator(VIC),National,1212953.62,75707.00,43124.70,75846.94,22693.81,79033.89,256456.61,490102.54,117895.57,35761.96,16330.60,0.00,,VIC
MP,Bruce	Billson ,Bruce	Billson MP,(Dunkley),Bruce	Billson MP(Dunkley),Liberal,1047564.04,65097.00,0.00,114664.40,0.00,102604.05,265300.84,3662.92,455123.55,34286.68,6824.60,0.00,140,VIC
MP,Catherine	King ,Catherine	King MP,(Ballarat),Catherine	King MP(Ballarat),ALP,1316539.00,65753.00,72715.43,103661.97,5400.00,148033.34,364847.18,34562.82,481375.95,23814.80,16374.51,0.00,4652,VIC
MP,Chris	Pearce ,Chris	Pearce MP,(Aston),Chris	Pearce MP(Aston),Liberal,14406.78,0.00,0.00,858.20,0.00,3607.64,5182.24,0.00,4623.70,0.00,135.00,0.00,99,VIC
MP,Dan	Tehan ,Dan	Tehan MP,(Wannon),Dan	Tehan MP(Wannon),Liberal,1039559.22,59855.00,0.00,70953.02,6566.62,85024.16,298355.25,57846.10,400478.55,44677.41,15803.11,0.00,32047,VIC
MP,Darren	Cheeseman ,Darren	Cheeseman MP,(Corangamite),Darren	Cheeseman MP(Corangamite),ALP,1108525.46,50158.00,28814.64,45294.90,0.00,89428.08,341156.44,2092.24,520421.84,30392.51,766.81,0.00,7624,VIC
MP,Darren	Chester ,Darren	Chester MP,(Gippsland),Darren	Chester MP(Gippsland),National,1309128.06,72168.00,13036.82,30281.03,195790.95,127164.36,313298.60,5194.13,498386.56,43114.38,10693.23,0.00,33054,VIC
Senator,David	Feeney ,David	Feeney Senator,(VIC),David	Feeney Senator(VIC),ALP,1168623.50,110023.00,165842.23,187168.79,0.00,92575.27,323600.55,-5488.78,246956.77,31828.77,16539.78,-422.88,,VIC
MP,David	Hawker ,David	Hawker MP,(Wannon),David	Hawker MP(Wannon),Liberal ,102707.53,1708.00,19830.75,2380.02,145.79,3911.94,11917.97,602.44,60988.33,0.00,1222.29,0.00,32047,VIC
MP,Fran	Bailey ,Fran	Bailey MP,(McEwen),Fran	Bailey MP(McEwen),Liberal ,35592.84,2070.00,0.00,2667.82,2118.75,2314.93,7416.85,208.50,17880.79,0.00,915.20,0.00,4592,VIC
Senator,Gavin	Marshall ,Gavin	Marshall Senator,(VIC),Gavin	Marshall Senator(VIC),ALP,912274.37,74523.00,78918.23,69074.28,0.00,70469.71,344577.89,2955.00,235175.99,29823.69,6756.58,0.00,,VIC
MP,Greg	Hunt ,Greg	Hunt MP,(Flinders),Greg	Hunt MP(Flinders),Liberal,1198667.22,81534.00,0.00,127006.81,0.00,156091.18,320635.35,0.00,458599.42,42873.74,11926.72,0.00,1952,VIC
MP,Harry	Jenkins ,Harry	Jenkins MP,(Scullin),Harry	Jenkins MP(Scullin),ALP,1536903.46,68043.00,289232.78,80876.48,9005.00,78677.83,462933.42,197329.65,323919.68,24013.16,32207.84,-29335.38,169,VIC
Senator,Helen	Kroger ,Helen	Kroger Senator,(VIC),Helen	Kroger Senator(VIC),Liberal,1041968.49,66974.00,36317.64,93103.98,5110.80,85995.22,471733.50,0.00,241881.96,34981.70,5869.69,0.00,,VIC
Senator,Jacinta	Collins ,Jacinta	Collins Senator,(VIC),Jacinta	Collins Senator(VIC),ALP,1197669.27,79609.00,99168.21,183061.01,31907.18,155950.40,393616.68,36759.80,172319.14,21250.61,24027.24,0.00,,VIC
MP,Jason	Wood ,Jason	Wood MP,(La Trobe),Jason	Wood MP(La Trobe),Liberal,522161.62,1380.00,0.00,0.00,0.00,2802.79,26513.25,304239.49,185881.29,0.00,1344.80,0.00,562,VIC
MP,Jenny	Macklin ,Jenny	Macklin MP,(Jagajaga),Jenny	Macklin MP(Jagajaga),ALP,2235425.25,94592.00,208739.25,207712.62,40159.86,180036.84,563156.44,360261.61,547172.24,20304.04,13290.35,0.00,128,VIC
MP,John	Forrest ,John	Forrest MP,(Mallee),John	Forrest MP(Mallee),National,1047850.18,79688.00,45896.43,30320.67,210765.05,105946.50,318616.96,301.22,213732.41,38704.34,3878.60,0.00,73879,VIC
Senator,John	Madigan ,John	Madigan Senator,(VIC),John	Madigan Senator(VIC),DLP,709985.19,44585.00,0.00,54619.84,0.00,60588.79,140433.78,293840.65,64265.09,37463.31,14188.73,0.00,,VIC
MP,Josh	Frydenberg ,Josh	Frydenberg MP,(Kooyong),Josh	Frydenberg MP(Kooyong),Liberal,1312692.48,42015.00,0.00,84884.94,0.00,60495.92,427247.79,227012.31,415261.74,40000.11,15774.67,0.00,52,VIC
Senator,Judith	Troeth ,Judith	Troeth Senator,(VIC),Judith	Troeth Senator(VIC),Liberal,245752.73,17562.00,17804.85,25186.59,0.00,14838.03,103900.19,88.64,62411.21,3961.22,0.00,0.00,,VIC
MP,Julia	Gillard ,Julia	Gillard MP,(Lalor),Julia	Gillard MP(Lalor),ALP,3960039.78,62736.00,2164492.40,-1453.40,4090.91,825387.01,370055.93,1120.00,436766.86,25456.91,71387.16,0.00,546,VIC
Senator,Julian	McGauran ,Julian	McGauran Senator,(VIC),Julian	McGauran Senator(VIC),Liberal,265149.61,12504.00,0.00,16324.47,17287.97,17759.19,129346.39,450.58,67694.44,3782.57,0.00,0.00,,VIC
MP,Kelly	O'Dwyer ,Kelly	O'Dwyer MP,(Higgins),Kelly	O'Dwyer MP(Higgins),Liberal,1067221.04,50183.00,0.00,88965.66,0.00,64730.16,314037.56,36965.71,474832.53,27597.00,9909.42,0.00,40,VIC
MP,Kelvin	Thomson ,Kelvin	Thomson MP,(Wills),Kelvin	Thomson MP(Wills),ALP,1075920.18,56711.00,177087.37,30590.60,0.00,62581.08,272050.90,2364.60,420884.94,35483.78,18165.91,0.00,57,VIC
MP,Kevin	Andrews ,Kevin	Andrews MP,(Menzies),Kevin	Andrews MP(Menzies),Liberal,1524999.91,74247.00,24743.46,135136.16,15092.00,115691.82,249900.84,356977.69,491104.56,25517.93,36588.45,0.00,125,VIC
Senator,Kim	Carr ,Kim	Carr Senator,(VIC),Kim	Carr Senator(VIC),ALP,1738789.43,99751.00,403498.19,155670.57,0.00,192565.28,498023.23,145048.59,197408.10,25086.95,21737.52,0.00,,VIC
MP,Laura	Smyth ,Laura	Smyth MP,(La Trobe),Laura	Smyth MP(La Trobe),ALP,1017191.81,53319.00,21279.45,46061.30,0.00,65463.33,300944.41,48455.81,438945.29,30041.07,12682.15,0.00,562,VIC
MP,Lindsay	Tanner ,Lindsay	Tanner MP,(Melbourne),Lindsay	Tanner MP(Melbourne),ALP,75256.32,1980.00,0.00,9256.58,0.00,10431.79,13269.88,-21523.27,61841.34,0.00,0.00,0.00,46,VIC
MP,Maria	Vamvakinou ,Maria	Vamvakinou MP,(Calwell),Maria	Vamvakinou MP(Calwell),ALP,956568.93,33808.00,15562.14,80256.83,0.00,58876.17,389117.39,1743.00,329034.85,37808.47,10362.08,0.00,175,VIC
MP,Mark	Dreyfus ,Mark	Dreyfus MP,(Isaacs),Mark	Dreyfus MP(Isaacs),ALP,1937821.55,85438.00,291695.69,195104.90,0.00,165091.10,717985.32,7682.27,422241.48,21565.40,31017.39,0.00,166,VIC
MP,Martin	Ferguson ,Martin	Ferguson MP,(Batman),Martin	Ferguson MP(Batman),ALP,2086904.43,152002.00,556858.78,253197.97,12748.64,205670.70,515695.54,358.00,363662.54,20944.99,5765.27,0.00,66,VIC
MP,Michael	Danby ,Michael	Danby MP,(Melbourne Ports),Michael	Danby MP(Melbourne Ports),ALP,1607551.25,39097.00,115613.07,107065.39,0.00,73477.51,590976.60,54443.72,546526.91,46099.79,34251.26,0.00,40,VIC
Senator,Michael	Ronaldson ,Michael	Ronaldson Senator,(VIC),Michael	Ronaldson Senator(VIC),Liberal,1272891.13,108698.00,49444.75,155400.65,0.00,146168.86,474680.53,66003.84,227510.48,33759.34,11224.68,0.00,,VIC
MP,Mike	Symon ,Mike	Symon MP,(Deakin),Mike	Symon MP(Deakin),ALP,1070906.14,71235.00,38692.37,132102.35,0.00,75532.06,215275.93,26987.52,442086.76,27026.09,41968.06,0.00,70,VIC
Senator,Mitch	Fifield ,Mitch	Fifield Senator,(VIC),Mitch	Fifield Senator(VIC),Liberal,945064.21,84316.00,9490.73,127387.30,17069.68,115375.11,297035.74,73040.22,184460.67,31987.62,4901.14,0.00,,VIC
MP,Nicola	Roxon ,Nicola	Roxon MP,(Gellibrand),Nicola	Roxon MP(Gellibrand),ALP,1455265.01,72469.00,155028.46,190608.78,3581.82,151384.31,471165.81,-21674.55,389505.50,21831.39,21364.49,0.00,102,VIC
MP,Petro	Georgiou ,Petro	Georgiou MP,(Kooyong),Petro	Georgiou MP(Kooyong),Liberal,41210.70,1840.00,0.00,858.20,0.00,440.99,4565.10,0.00,32648.21,0.00,858.20,0.00,52,VIC
Senator,Richard	Di Natale ,Richard	Di Natale Senator,(VIC),Richard	Di Natale Senator(VIC),Greens,829922.77,36470.00,0.00,63433.04,1000.00,55374.17,250137.59,314861.25,61128.04,26436.69,21081.99,0.00,,VIC
MP,Richard	Marles ,Richard	Marles MP,(Corio),Richard	Marles MP(Corio),ALP,1810962.51,48067.00,790780.43,105774.38,0.00,136726.90,329693.08,301.22,360033.58,24160.98,15424.94,0.00,989,VIC
MP,Robert	Mitchell ,Robert	Mitchell MP,(McEwen),Robert	Mitchell MP(McEwen),ALP,899580.36,52881.00,28386.02,62352.31,0.00,82247.36,212793.14,85596.97,338757.84,32295.28,4270.44,0.00,4592,VIC
MP,Russell	Broadbent ,Russell	Broadbent MP,(McMillan),Russell	Broadbent MP(McMillan),Liberal,837238.36,48802.00,23272.95,55393.56,0.00,80574.28,214270.18,3070.73,378151.28,25040.64,8662.74,0.00,8358,VIC
Senator,Scott	Ryan ,Scott	Ryan Senator,(VIC),Scott	Ryan Senator(VIC),Liberal,1025164.62,64505.00,7801.27,117743.94,11524.45,106164.21,419630.55,190.00,249518.92,35910.33,12175.95,0.00,,VIC
MP,Sharman	Stone ,Sharman	Stone MP,(Murray),Sharman	Stone MP(Murray),Liberal,1304956.25,73147.00,106447.79,95813.08,0.00,119491.40,350737.77,12991.00,505556.01,38704.90,2067.30,0.00,19500,VIC
MP,Simon	Crean ,Simon	Crean MP,(Hotham),Simon	Crean MP(Hotham),ALP,2097345.07,121180.00,68682.50,171250.39,307945.79,290315.76,634857.88,2499.00,412370.07,24444.21,63799.47,0.00,75,VIC
MP,Sophie	Mirabella ,Sophie	Mirabella MP,(Indi),Sophie	Mirabella MP(Indi),Liberal,1221827.50,72458.00,23803.84,120180.64,15725.02,239385.80,227661.44,56775.10,408905.49,38203.63,18728.54,0.00,28567,VIC
Senator,Stephen	Conroy ,Stephen	Conroy Senator,(VIC),Stephen	Conroy Senator(VIC),ALP,2152204.70,109367.00,519255.45,218443.34,12318.18,246892.65,501225.17,296354.30,203611.67,27412.17,17324.77,0.00,,VIC
Senator,Steve	Fielding ,Steve	Fielding Senator,(VIC),Steve	Fielding Senator(VIC),Family First,306203.83,16711.00,17669.66,54853.34,0.00,12042.24,93369.04,246.00,102784.58,3795.92,4732.05,0.00,,VIC
MP,Steve	Gibbons ,Steve	Gibbons MP,(Bendigo),Steve	Gibbons MP(Bendigo),ALP,838877.99,60511.00,0.00,67063.01,0.00,76245.11,261995.72,0.00,346203.67,26859.48,0.00,0.00,6255,VIC
MP,Tony	Smith ,Tony	Smith MP,(Casey),Tony	Smith MP(Casey),Liberal,1115473.71,76746.00,0.00,106134.25,0.00,99594.50,337088.25,7684.00,453718.15,29102.80,5405.76,0.00,2337,VIC
Senator,Alan	Eggleston ,Alan	Eggleston Senator,(WA),Alan	Eggleston Senator(WA),Liberal,949778.43,78296.00,95177.79,178438.52,25605.47,53157.20,338340.82,321.50,152625.31,27815.82,0.00,0.00,,WA
MP,Barry	Haase ,Barry	Haase MP,(Durack),Barry	Haase MP(Durack),Liberal,2749113.66,89843.00,113380.58,305119.97,191351.92,85083.09,580931.22,780444.49,514254.08,86990.61,1714.70,0.00,1587758,WA
Senator,Chris	Back ,Chris	Back Senator,(WA),Chris	Back Senator(WA),Liberal,1523298.72,93214.00,29686.74,217152.70,20171.65,72119.90,460609.16,397463.45,164851.39,25779.64,42250.09,0.00,,WA
Senator,Christopher	Evans ,Christopher	Evans Senator,(WA),Christopher	Evans Senator(WA),ALP,1582135.87,115654.00,105154.49,278704.13,60306.58,166884.04,649978.81,2726.38,169717.19,21476.90,11533.35,0.00,,WA
Senator,David	Johnston ,David	Johnston Senator,(WA),David	Johnston Senator(WA),Liberal,1057699.43,82947.00,70641.08,251345.89,15815.00,117455.31,323742.28,15703.00,132063.56,21416.73,26569.58,0.00,,WA
Senator,Dean	Smith ,Dean	Smith Senator,(WA),Dean	Smith Senator(WA),Liberal,546493.59,40615.00,0.00,93076.73,19999.75,23025.43,200344.20,74255.09,77262.87,15895.70,2018.82,0.00,,WA
MP,Dennis	Jensen ,Dennis	Jensen MP,(Tangney),Dennis	Jensen MP(Tangney),Liberal,1177529.67,50432.00,87314.78,140769.34,0.00,81797.85,354895.87,8519.00,357862.80,24690.00,71248.03,0.00,96,WA
MP,Don	Randall ,Don	Randall MP,(Canning),Don	Randall MP(Canning),Liberal,1589942.63,50224.00,28408.97,89200.80,0.00,92290.77,339192.29,374492.50,554884.74,33982.51,27266.05,0.00,6178,WA
MP,Gary	Gray ,Gary	Gray MP,(Brand),Gary	Gray MP(Brand),ALP,2154374.44,81481.00,35652.35,286940.68,202974.96,159364.10,535336.70,249662.36,520894.06,22652.80,59415.43,0.00,411,WA
Senator,Glenn	Sterle ,Glenn	Sterle Senator,(WA),Glenn	Sterle Senator(WA),ALP,1188491.05,98180.00,38498.04,223670.39,48044.32,84329.73,375140.40,0.00,259662.49,33369.09,27596.59,0.00,,WA
MP,Judi	Moylan ,Judi	Moylan MP,(Pearce),Judi	Moylan MP(Pearce),Liberal,810647.87,61116.00,8162.11,95443.47,431.00,56093.07,233806.81,4124.00,329515.78,21955.63,0.00,0.00,14401,WA
Senator,Judith	Adams ,Judith	Adams Senator,(WA),Judith	Adams Senator(WA),Liberal,622224.43,35237.00,25956.27,78599.38,26399.01,38517.04,263879.04,300.00,139943.49,9200.19,4193.01,0.00,,WA
MP,Julie	Bishop ,Julie	Bishop MP,(Curtin),Julie	Bishop MP(Curtin),Liberal,2267171.30,169282.00,177192.41,369705.41,21545.28,214815.63,710005.66,28239.48,477427.95,41832.27,57125.21,0.00,104,WA
MP,Ken	Wyatt ,Ken	Wyatt MP,(Hasluck),Ken	Wyatt MP(Hasluck),Liberal,1071719.48,49724.00,0.00,193493.75,0.00,59845.03,309457.63,14950.39,383693.75,21881.54,38673.39,0.00,245,WA
Senator,Louise	Pratt ,Louise	Pratt Senator,(WA),Louise	Pratt Senator(WA),ALP,1073580.16,91401.00,18487.61,166858.42,49876.31,67190.97,349456.15,3378.45,271253.64,30259.95,25417.66,0.00,,WA
MP,Luke	Simpkins ,Luke	Simpkins MP,(Cowan),Luke	Simpkins MP(Cowan),Liberal,1394319.00,52989.00,46802.39,163201.82,0.00,60479.07,532588.75,5575.00,493126.95,25174.17,14381.85,0.00,180,WA
MP,Mal	Washer ,Mal	Washer MP,(Moore),Mal	Washer MP(Moore),Liberal,1202216.82,71229.00,40399.41,107994.73,0.00,16810.53,480899.63,3675.00,396118.82,27925.85,57163.85,0.00,133,WA
Senator,Mark	Bishop ,Mark	Bishop Senator,(WA),Mark	Bishop Senator(WA),ALP,1127841.23,109724.00,122040.07,211422.40,0.00,75683.10,248595.63,0.00,235689.77,33262.19,91424.07,0.00,,WA
Senator,Mathias	Cormann ,Mathias	Cormann Senator,(WA),Mathias	Cormann Senator(WA),Liberal,1417851.79,119270.00,37451.02,310842.36,33965.83,127826.32,588041.33,8259.20,122577.33,27578.43,42039.97,0.00,,WA
MP,Melissa	Parke ,Melissa	Parke MP,(Fremantle),Melissa	Parke MP(Fremantle),ALP,1256406.40,66721.00,27920.58,147639.30,0.00,52747.27,290877.63,154113.58,484896.68,25446.04,6044.32,0.00,199,WA
MP,Michael	Keenan ,Michael	Keenan MP,(Stirling),Michael	Keenan MP(Stirling),Liberal,1273940.87,79278.00,22962.66,178754.05,0.00,115183.51,260858.05,28633.00,509906.54,31992.36,46372.70,0.00,77,WA
Senator,Michaelia	Cash ,Michaelia	Cash Senator,(WA),Michaelia	Cash Senator(WA),Liberal,1204951.63,100003.00,7526.10,213909.97,11628.73,83041.23,576552.20,301.22,171108.11,26378.50,14502.57,0.00,,WA
MP,Nola	Marino ,Nola	Marino MP,(Forrest),Nola	Marino MP(Forrest),Liberal,1465858.25,53108.00,31557.79,170494.93,0.00,93953.72,298393.41,351597.06,437017.09,25629.39,4106.86,0.00,12781,WA
Senator,Rachel	Siewert ,Rachel	Siewert Senator,(WA),Rachel	Siewert Senator(WA),Greens,970628.01,98606.00,8173.32,301989.92,1357.18,75998.90,280239.91,10043.64,165547.57,21599.29,7072.28,0.00,,WA
Senator,Scott	Ludlam ,Scott	Ludlam Senator,(WA),Scott	Ludlam Senator(WA),Greens,1066098.49,77768.00,0.00,227941.47,48362.62,32828.81,389194.68,41493.45,217668.56,22732.23,8108.67,0.00,,WA
MP,Sharryn	Jackson ,Sharryn	Jackson MP,(Hasluck),Sharryn	Jackson MP(Hasluck),ALP,186630.46,1150.00,0.00,1393.74,0.00,3517.61,15045.06,301.22,165222.83,0.00,0.00,0.00,245,WA
MP,Stephen	Smith ,Stephen	Smith MP,(Perth),Stephen	Smith MP(Perth),ALP,2785752.26,97590.00,1056355.28,158061.33,0.00,188835.19,801069.68,2926.00,423302.83,17693.35,39918.60,0.00,78,WA
MP,Steve	Irons ,Steve	Irons MP,(Swan),Steve	Irons MP(Swan),Liberal,1593100.75,54284.00,13036.84,174802.01,0.00,41079.28,407574.73,367822.21,467246.63,26259.70,40995.35,0.00,126,WA
Senator,Sue Lines  ,Sue Lines  Senator,(WA),Sue Lines  Senator(WA),ALP,44977.67,896.00,0.00,8320.26,0.00,2523.95,32150.59,0.00,225.82,679.49,181.56,0.00,,WA
MP,Tony	Crook ,Tony	Crook MP,(O'Connor),Tony	Crook MP(O'Connor),National,1551314.25,66032.30,0.00,187224.72,114285.93,137002.42,527676.37,13243.25,421883.54,31848.69,52117.03,0.00,908954,WA
MP,Wilson	Tuckey ,Wilson	Tuckey MP,(O'Connor),Wilson	Tuckey MP(O'Connor),Liberal,204549.12,2754.00,24799.86,1131.08,10233.87,3126.67,24097.76,602.44,137733.26,0.00,70.18,0.00,908954,WA